question,correct,wrong1,wrong2,wrong3,category
What is the capital of Australia?,Canberra,Sydney,Melbourne,Perth,Geography
Which animal is a marsupial?,Kangaroo,Dog,Horse,Rabbit,Animals
How many legs does a spider have?,8,6,10,4,Science
What colour do you get from mixing blue and yellow?,Green,Purple,Orange,Brown,Colours
Which planet is closest to the sun?,Mercury,Venus,Mars,Earth,Space
What is 7 x 6?,42,36,48,49,Maths
Which one is a fruit?,Banana,Carrot,Potato,Onion,Food
What do bees make?,Honey,Milk,Bread,Silk,Animals
Which season comes after summer?,Autumn,Winter,Spring,Monsoon,Seasons
What is the biggest animal in the ocean?,Blue whale,Shark,Octopus,Dolphin,Animals
How many days are in a week?,7,5,6,8,Maths
What is frozen water called?,Ice,Steam,Fog,Mud,Science
Which one can fly?,Eagle,Penguin,Emu,Cow,Animals
What do we call a baby kangaroo?,Joey,Cub,Calf,Pup,Animals
How many strings does a standard guitar have?,6,4,5,8,Music
What is 10 + 15?,25,35,20,30,Maths
Which one is a mammal?,Dolphin,Shark,Trout,Squid,Animals
What do you use to see?,Eyes,Ears,Nose,Elbow,Body
What is the opposite of hot?,Cold,Warm,Wet,Loud,Words
Which is the largest country by area?,Russia,Australia,Brazil,India,Geography
What gas do plants breathe in?,Carbon dioxide,Oxygen,Helium,Smoke,Science
Which shape has three sides?,Triangle,Square,Circle,Pentagon,Maths
What colour is a ripe tomato?,Red,Blue,Purple,Black,Colours
Which one is a musical instrument?,Drum,Spoon,Brick,Pillow,Music
Which ocean is the biggest?,Pacific,Atlantic,Indian,Arctic,Geography
